









AO LONG INTERNATIONAL LIMITED (CR No.: 1253427) | Hong Kong Business Directory























AO LONG INTERNATIONAL LIMITED


					Company Registration No.: 1253427									

										Ao Long International Limited was incorporated on 7 July 2008 (Monday)					and as of 1 October 2015 (Thursday) is a Dissolved Private Company Limited By Shares.
					






 



								CR No.							

								1253427							



								Company Name							

AO LONG INTERNATIONAL LIMITED 



								Company Name (Chinese)							

								澳龍國際有限公司							



								Company Type							

								Private Company Limited By Shares							



								Date of Incorporation							

								7 July 2008 (Monday)							



								Active Status							

Dissolved 



								Remarks							

								Dissolved by Striking Off							



								Winding Up Mode							

								-							



								Date of Dissolution							

								19 September 2013 (Thursday)							



								Register of Charges							

								Unavailable							



								Important Note							

								-							



								Name History							

Effective From 7 July 2008, Monday
AO LONG INTERNATIONAL LIMITED
澳龍國際有限公司							









 








Hong Kong Company Search
















SIMILIAR NAME 147 other companies

AO TA DEVELOPMENT COMPANY LIMITED AO TE JIA (HOLDINGS) LIMITED Ao Xin Long (Hong Kong) Company Limited AO TAI LIMITED AO FREIGHT (HK) LIMITED AO CONTAINER LINES (HK) LIMITED AO MENG INDUSTRIES LIMITED Ao Jie Product Development Limited AO JIE PLASTIC TOYS FACTORY LIMITED AO JIE GROUP (HONG KONG) LIMITED AO YUAN (INTERNATIONAL) TRADING CO., LIMITED  


ALSO INCORPORATED ON 7 JULY 2008 434 other companies

AXISYS TECHNOLOGY DEVELOPMENT LIMITED CO-TECH TRADING COMPANY LIMITED Hong Yue International Limited YAT AU INTERNATIONAL LIMITED UNIVERSAL PRODUCTION CO., LIMITED YEE WAH (GLOBAL) COMPANY LIMITED Senergy Group Limited MORINDA FINANCIAL SERVICES LIMITED Yourlink2asia Sourcing Company Limited XIN RUN CHENG IMP. & EXP. CO., LIMITED DECOR ENTERPRISE CO., LIMITED  


ALSO DISSOLUTED ON 19 SEPTEMBER 2013 1081 other companies

Ten Hall Corporation Limited TAK LEE FATHER AND SONS LIMITED HONG KONG KAR WAH RUBBER FACTORY LIMITED KONG SUN INTERNATIONAL TRADING LIMITED TRANSACT LIMITED KIMWELL COMPANY LIMITED TA FU FLOORING COMPANY LIMITED CHOI SHING PALACE RESTAURANT LIMITED PROGRESSIVE ASTEL LIMITED GLORY TIMES INDUSTRIAL LIMITED STAR PAGING (COMMUNICATIONS EQUIPMENT) MANUFACTURING LIMITED  









Please enable JavaScript to view the comments powered by Disqus.

 






Reference Number: 1253420.
Hong Kong Business Directory - Information about AO LONG INTERNATIONAL LIMITED maybe populated and aggregated from various sources.
					All information publish on our website are for reference and information only. These information could have changed since our last update.
					Please contact us at hello@hkgbusiness.com, with your company official email account if you would like to update any information on this page.
					No cost is required on your part when you provided us with your information. Our goal is to help every businesses grow.
					

HKG Business is a no cost portal providing listing and information of businesses and companies operating in the Hong Kong Special Administrative Region of the People's Republic of China.
					Our data is constantly growing, everyday.
					We continously crawl the internet to populate information which we find maybe useful to you. These data are then aggregated and made available over this website at no cost, to the site visitors or business owners.
					Hong Kong Business Directory is hosted on DigitalOcean.
				


 Singapore Business Directory


 Hong Kong Business Directory


 United Kingdom Business Directory


 Australia Business Directory


 New Zealand Business Directory


 Malaysia Business Directory


 Norway Business Directory


 Canada Business Directory







Information generated in 0.019 seconds

 
 













Brimrose Distributors: AOTF-NIR Spectrometers






 
 
 
 
 
 
 
 
 
 
 
 
 
 
 
 
 
 
 









































MENU



















































 

About Us


General Business Overview
Company History
Investor Relations
Career Opportunities
Representatives(AO Components / AOTF-NIR Spectrometers)
Our Customers
Trade Shows








 &nbsp Brimrose Headquarters
Brimrose Corporation of America
                             19 Loveton Circle
                             Hunt Valley Loveton Center
                             Sparks, Maryland 21152-9201, USA
                             Tel: +1 (410) 472-7070
                             Email: office@brimrose.com




 
AOTF-NIR Spectrometer Distributors
Brimrose spectrometers are available throughout the world from our distributors as well as directly from our headquarters in Baltimore, MD, where the manufacturing is done.
             

South America | Europe | Oceania Region | Africa | Maghreb & Middle East | South Asia | Southeast Asia | East Asia



South America | Europe | Oceania Region | Africa | Maghreb & Middle East | South Asia | Southeast Asia | East Asia


South America | Europe | Oceania Region | Africa | Maghreb & Middle East | South Asia | Southeast Asia | East Asia


 




South AmericaTop





 &nbsp Argentina
TECXEDE S.R.L
							 Rivadavia 5259 P9° D 35
							 (1424) CABA
							 Argentina
							 Tel: +54 (11) 5263 0414 Ext. 101
							 Fax: +54 (11) 5263 0414 Ext. 110
							 Contact: Walter Atencio
							 Email: walter.atencio@tecxede.com
							 Web: www.tecxede.com



 &nbsp Brazil
dpUNION
							 Rua Mon. Basílio Pereira, 50
							 Cep: 04343-090
							 Jabaquara, São Paulo/SP
							 Brazil
							 Tel: +55 (11) 5079-8411
							 Fax: +55 (11) 5079-8411
                             Contact: Fellipy Ferreira
							 Cell: +55 (11) 97683-1801
							 Email: fferreira@dpunion.com.br
							 Web: www.dpunion.com.br



 &nbsp Colombia
Quimicontrol
							 Carrera 43A No. 22B-71
							 Bogota, Colombia
							 Tel: +57 (091) 269 3368
							 Contact: Hector Ramirez Guzman
							 Email: quimicontrol@gmail.com
							 Web: www.quimicontrol.com





EuropeTop





 &nbsp France
NIR-INDUSTRY
							 2 place de Touraine
							 78000 Versailles
							 France
                             Tel: +33 6 87935283
							 Contact: Thomas Ricour
							 Email: contact@nir-industry.com
							 Web: www.nir-industry.com



 &nbsp Spain
Soluciones Integrales de Laboratorio, S.L.
							 C/ Valencia, 978 
							 Urb. El Coto
							 19170 El Casar, Guadalajara
							 Spain
							 Tel: +34 949335460
							 Fax: +34 949334824
							 Contact: Sr. Juan Carlos Mohino
							 Email: tecnilab@tecnilab.es
                             Web: www.tecnilab.es



 &nbsp Portugal
ILC, Lda.
							 Rua Dr Alvaro de Castro 77
							 P-1600-058 Lisboa
							 Portugal
							 Tel: +351 217826030
							 Fax: +351 217826039
							 Contact: João Correia Barata
							 Email: jbarata@ilc.pt
                             Web: www.ilc.pt


Paralab
							 Travessa do Calvário
							 65 - Giesta
							 4420-392 Valbom
							 Portugal
							 Tel: +351 22 4664320
							 Fax: +351 22 4664321
							 Contact: Rui Soares
							 Email: rui.soares@paralab.pt
                             Web: www.paralab.pt





 &nbsp Italy
Biofotonica S.R.L.u.
							 Via Amedeo Bocchi 300
							 00125 Roma
							 Italy
							 Tel: +39 0681175637
							 Fax: +39 0689280737
							 Contact: Dr Paolo Antonucci
							 Cell: +39 3920301676
							 Email: antonucci@biofotonica.it
							 Web: www.biofotonica.it



   &nbsp Benelux(Belgium, Luxembourg & Netherlands)
Anadis Instruments Benelux B.V.
							 Guadeloupestraat 30
                             1339ME, ALMERE
							 The Netherlands
							 Tel: +31 36 5214190
							 Fax: +31 36 5214428
							 Contact: Ed van Waardenberg
							 Cell: +31 6 30350310
							 Email: waardenberg@anadis.nl
							 Web: www.anadis.nl or www.anadis.eu





 &nbsp Germany
Soliton Laser- und Messtechnik GmbH
							 Talhofstraße 32
							 82205 Gilching
							 Germany
							 Tel: +49 (0) 8105-7792-0
							 Fax: +49 (0) 8105-7792-77
							 Contact: Dr. Wolf-Dieter Wagner
							 Email: w.wagner@soliton-gmbh.de
							 Web: www.soliton-gmbh.de


   &nbsp Switzerland & Austria
Portmann Instruments AG
							 Gewerbestrasse 18
							 CH-4105 Biel-Benken
							 Tel: +41 617 266 555
							 Fax: +41 617 266 550
							 Contact: Peter Stark
							 Cell: +49 151 16217825
							 Email: peter.stark@piag.net
							 Web: www.portmann-instruments.ch





 &nbsp Poland
Javeline Technical Systems
							 Sp. z o.o.
							 ul.Sportowa 4B/4
							 05-840 Brwinow n/Warsaw
							 Poland
							 Tel: +48 22 4062527
							 Contact: Piotr Augustyniak
							 Email: info@javeline-ts.pl
							 Web: www.javeline-ts.pl



  &nbsp UK & Ireland
Ash Scientific Ltd
							 Unit 23, Phase 2
							 Saxon Business Park
							 Hanbury Road
							 Stoke Prior
							 Bromsgrove
							 B60 4AD
							 UK
							 Tel: +44 (0) 1527 875 173
							 Contact: Harish Sinha
							 Cell: +44 (0) 78803 19004
							 Email: sales@ashscientific.com
							 Web: www.ashscientific.com





 &nbsp Romania
Total Spectrum SRL
							 Str. Heliade intre Vii, Nr.8
							 Sect.2, Bucuresti
							 Romania
							 Tel: +40 213 166 781
							 Fax: +40 314 052 882
							 Contact: Cecilia Merticaru
							 Cell: +40 727 870 162
							 Email: office@total-spectrum.ro
							 Web: en.total-spectrum.ro



 &nbsp Bulgaria
Astel BG
							 1612 Sofia, 15 Vorino str.
							 Bulgaria
							 Tel: +359 2 958 78 85
							 Fax: +359 2 958 78 90
							 Contact: Vladimir Atanasov
							 Email: office@astelbg.com
							 Web: www.astelbg.com



 &nbsp Russia
Nanointek LTD
							 Nametkina str.
							 14-2, office 605
							 117420, Moscow
							 Russia
							 Tel: +7 (495) 332-00-39 or+7 (985) 180-76-14
							 Fax: +7 (495) 332-06-20
							 Contact: Alexander Morozov
							 Email: info@nanointek.com
							 Web: www.nanointek.ru





    &nbsp Serbia, Bosnia, Croatia & Montenegro
KRUG International Ltd.
							 Deset avijatičara 2a
							 11050 Belgrade
							 Serbia
							 Tel: +38 111 30 49 730
							 Fax: +38 111 30 49 748
							 Contact: Milos Bozinovic
							 Cell: +381 63 328 518
							 Email: milos.bozinovic@kruginter.com
							 Web: www.kruginter.com





  &nbsp Czech Republic & Slovakia
HILGER s.r.o.
                             Mistecka 258
							 72000 Ostrava-Hrabova
							 Tel: +420 596 718 912
							 Contact: Jiri Micenko, Pavel Hudák
							 Email: hilger@hilger.cz
							 Web: www.hilger.cz





  &nbsp Denmark, Sweden & Norway
Aralyz
							 Lyngborghave 56, 2.tv
							 DK-3460 Birkerød
							 Denmark
							 Tel: +45 916 25 113
							 Contact: Feisal Kroushawi
							 Email: info@arascientificaps.dk
							 Web: www.arascientificaps.dk





  &nbsp Ukraine & Kazakhstan
ExpoAgroTrade
                             Tarana Street, 83, of. 507/508/509
							 Kostanay, 110000
							 Kazakhstan
							 Tel: +7 (7142) 53 19 16
							 Fax: +7 (7142) 54 84 12
							 Contact: Aleksandra Chernyshova
							 Email: al.kostanay@list.ru
							 Web: www.agroproekt.kz





Oceania RegionTop






 &nbsp Australia & New Zealand
Instruments & Data Tools
							 PO BOX 2114
							 Rowville VIC 3178, Australia
							 Tel: +61 430 708 661
							 E-mail: contact@idtools.com.au
							 Web: www.idtools.com.au





AfricaTop





 &nbsp Ivory Coast
OCSI-CI Sarl
							 Abidjan, Cocody Riviéra Golf
							 Tour Avocat Appt #177
							 30 POB 34 ABIDJAN 30
							 Côte d’Ivoire
							 Tel: +225 01053615
							 Fax: +225 22433494
							 Contact: Kouassi Adolphe KOUADIO
							 Email: kouadioadolphe@yahoo.fr
							 Web: www.ocsi-ci.com



 &nbsp South Africa
Measuring Instruments Technology (MIT)
                             CSIR Campus
							 BLG 33
							 Pretoria
							 South Africa
							 Tel: +27 12 349 5191
							 Fax: +27 12 349 5190
							 Contact: Margie Hengstberger
							 Cell: +27 82 784 2011
							 Email: margie@marmit.co.za
							 Web: www.marmit.co.za



 &nbsp Nigeria
Techmax Technologies Limited
							 Suite 6B, E-Barclays Building
							 No.36F.Okotie Eboh Crescent
							 Utako, FCT
							 Abuja
							 Nigeria
							 Tel: +234 8032857929
							 Contact: Segun Bamigbola
							 Cell: +234 8057200423
							 Email: techmaxtechnologies@yahoo.com
							 Web: www.techmaxtechnologies.com





 &nbsp Kenya
Guaranteed Panlab Solutions East Africa Ltd
							 10 Gitanga Hillcourt
							 Gitanga Road
							 PO BOX 25355----00603
							 Nairobi
							 Kenya
							 Tel: +254 202128706
							 Contact: Rodney E. Kwenge
							 Cell: +254 721516883
							 Email: kwenge@hotmail.com



 &nbsp Ghana
Process & Plant Sales [GH] Ltd
Head Office, Tema
							 Thokey House, Room 301
							 Community Four, Tema
							 Ghana
							 Tel: +233 (0303) 207709
							 Fax: +233 (0303) 207710
							 Contact: Kofi Kgyekye-koranteng
							 Email: kkoranteng@ppsghana.com.gh
							 Web: www.ppsghana.com






Maghreb & Middle EastTop





 &nbsp Morocco
Sigma Qual
							 2, Rue Jeddah
							 Etage N°1 Appt N°2 Mers Sultan
							 20000 Casablanca
							 Morocco
							 Tel: +212 (0)522208820
							 Fax: +212 (0)522264574
							 Contact: Mostafa TARHY
							 Email: sigmaqual.ma@yahoo.fr
							 Web: www.sigmaqual.com



 &nbsp Egypt
Ultra Tech Inc.
							 28 Tiba St.
							 Dokki, Cairo, 12311
							 Egypt
							 Tel: +202 3749 0284
							 Fax: +202 3760 9800
							 Contact: Makram M. Mohamed
							 Email: makram.mohamed@ultratechscientific.com
							 Web: www.ultratechscientific.com





 &nbsp Turkey
Mega Dis Ticaret.ve Elektronik San. Ltd
							 Cevizli Mah.Nedret Sk.Adakule
							 Residence Business Center
                             A Blok Nr.18-22, 17.kat D :89
							 34860 Maltepe, Istanbul
							 Turkey
							 Tel: +90 216 473 5538
							 Fax: +90 216 473 4143
							 Contact: Atalay Gençler
							 Email: agencler@intmega.com
							 Web: www.intmega.com



 &nbsp Israel
Berlin Technology
							 13 Gan Raveh Bvd
							 Yavneh Industrial zone
							 Yavneh, Israel 8122214
							 Tel: +972 8 6638101
							 Fax: +972 8 6638120
							 Contact: Dr. Gabi Levin
							 Email: mail@berlintech.co.il
							 Direct line: +972 (0) 8 6638106
							 Cell: +972 (0) 50 7733911
							 Email: gabi@berlintech.co.il
							 Web: www.berlintech.co.il





   &nbsp UAE, Oman & Saudi Arabia
Hillsborough Scientific & Technical Equipment Trading FZE
                             #207/208 Platinum business center, Al Nahda 2nd
							 P.O. Box 81715, Al Qusais, Dubai
							 United Arab Emirates
							 Tel: (+971) 4 280 7626
							 Fax: (+971) 4 2807628
							 Contact: Bala
							 Email: bala@hillsborough.ae
							 Web: www.hillsborough.ae





South AsiaTop






 &nbsp India
Apara Analyticals
							 No 3 Ramaiah Layout
							 Suddagundapalya
							 D R College Post
							 Bangalore 560 029
							 India
							 Tel: +91 8762001854
							 Contact: Padma Rajagopalan
							 Email: padma@aparaanalyticals.com
							 Web: www.aparaanalyticals.com






Southeast AsiaTop





 &nbsp Singapore
Gaia Science Pte Ltd
							 Blk 102E Pasir Panjang Road
							 #02-07 Singapore 118529
							 Tel: +65 6276 8884
							 Fax: +65 6270 8884
							 Contact: Weng Lijuan
							 Email: wenglijuan@gaiascience.com.sg
							 Web: www.gaiascience.com.sg



 &nbsp Malaysia
Gaia Science (M) Sdn Bhd
							 17-3, Jin Puteri 2/7
							 Bandar Puteri
							 47100 Puchong, Selangor
							 Malaysia
							 Tel: +60 380653889
							 Fax: +60 380653989
							 Contact: Weng Lijuan
							 Email: wenglijuan@gaiascience.com.sg
							 Web: www.gaiascience.com.my





 &nbsp Myanmar
 


Gaia Science Co Ltd
							         Yangon Office
							         No. 365/367, Bo Aung Kyaw Street
							         Kyauktada, Yangon, Myanmar
							         Tel: +95 1 392919
							         Fax: +95 1 374676
							         Contact: Weng Lijuan
							         Email: wenglijuan@gaiascience.com.sg
							         Web: www.gaiascience.com.mm



Gaia Science Co LtdMandalay Office
							         Room 3, S.Y. Building
							         30th Street (between 77 & 78 Street)
                                     Mandalay, Myanmar
							         Tel: +95 2 91013423
							         Fax: +95 2 72985
							         Contact: Weng Lijuan
							         Email: wenglijuan@gaiascience.com.sg
							         Web: www.gaiascience.com.mm







East AsiaTop





 &nbsp China
Shanghai Celerex Technology Co. Ltd
                             Building A-1406
							 No.289 ZheQiao Road
							 China（Shanghai）Pilot Free Trade Zone
							 Pudong, ShanghaiP.R. of China
							 Zip Code: 201206
							 Tel: +86-21-68958700
							 E-mail: office@celerex.cn
							 Web: www.celerex.cn



 &nbsp Hong Kong
Volere Group(the Hongkong office)
							 Flat A 15/F, Hiller Comm Bldg
							 65-67 Bonham Strand East
							 Sheung Wan, Hong Kong
							 Intl Mobile: +1 410 499 7062
							 Contact: David P. Trudil
							 Cell: +86 158 10861607
							 Email: sales@voleregroup.com
							 Web: www.voleregroup.com



 &nbsp Japan
KYORISU CORPORATION
							 6th FL. Daitokyo Bldg. 24-10
							 KandaSudacho 1-chome
							 Chiyoda-ku, Tokyo 101-0041
							 Japan
							 Tel: +81 3 3526 5070
							 Fax: +81 3 3526 5080
							 Contact: Naoki Shima
							 Email: n-shima@kyoritsu-mac.co.jp
							 Web: www.kyoritsu-mac.co.jp


Quality Design Co., Ltd.
							 OX Yodoyabashi Bldg. 3F
							 4-4-9 Fushimi-machi
							 Chuo-ku, Osaka, 541-0044
							 Japan
							 Tel: +81 6 7878 6583
							 Fax: +81 6 7635 8263
							 Contact: Takaya Sato
							 Email: tsato@q-dsn.co.jp
							 Web: www.q-dsn.co.jp





 &nbsp Korea
Karam Trading Co.
							 # 503, Sungji B/D.
							 89-5, Yuljeon-Dong, Suwon City
							 Gyeonggi-Do, 440-320
							 Korea
							 Tel: +82 31 269 7820/1
							 Fax: +82 31 269 7819
							 Contact: Ho-Young Lee
							 Email: karamtc@unitel.co.kr
							 Web: www.karamtc.co.kr



 &nbsp Taiwan
Unice E-O Services Inc.
                             3F, No. 25-2, Ji Lin Road
							 Chung li
							 Taiwan
							 Tel: +886 3 4626569 Ext. 801
							 Fax: +886 3 4625586
							 Email: andyw@email.unice.com.tw
							 Web: www.unice.com.tw




 




South AmericaTop





 &nbsp Argentina
TECXEDE S.R.L
							 Rivadavia 5259 P9° D 35
							 (1424) CABA
							 Argentina
							 Tel: +54 (11) 5263 0414 Ext. 101
							 Fax: +54 (11) 5263 0414 Ext. 110
							 Contact: Walter Atencio
							 Email: walter.atencio@tecxede.com
							 Web: www.tecxede.com



 &nbsp Brazil
dpUNION
							 Rua Mon. Basílio Pereira, 50
							 Cep: 04343-090
							 Jabaquara, São Paulo/SP
							 Brazil
							 Tel: +55 (11) 5079-8411
							 Fax: +55 (11) 5079-8411
                             Contact: Fellipy Ferreira
							 Cell: +55 (11) 97683-1801
							 Email: fferreira@dpunion.com.br
							 Web: www.dpunion.com.br





 &nbsp Colombia
Quimicontrol
							 Carrera 43A No. 22B-71
							 Bogota, Colombia
							 Tel: +57 (091) 269 3368
							 Contact: Hector Ramirez Guzman
							 Email: quimicontrol@gmail.com
							 Web: www.quimicontrol.com





EuropeTop





 &nbsp France
NIR-INDUSTRY
							 2 place de Touraine
							 78000 Versailles
							 France
                             Tel: +33 6 87935283
							 Contact: Thomas Ricour
							 Email: contact@nir-industry.com
							 Web: www.nir-industry.com



 &nbsp Spain
Soluciones Integrales de Laboratorio, S.L.
							 C/ Valencia, 978 
							 Urb. El Coto
							 19170 El Casar, Guadalajara
							 Spain
							 Tel: +34 949335460
							 Fax: +34 949334824
							 Contact: Sr. Juan Carlos Mohino
							 Email: tecnilab@tecnilab.es
                             Web: www.tecnilab.es




 &nbsp Portugal
ILC, Lda.
							 Rua Dr Alvaro de Castro 77
							 P-1600-058 Lisboa
							 Portugal
							 Tel: +351 217826030
							 Fax: +351 217826039
							 Contact: João Correia Barata
							 Email: jbarata@ilc.pt
                             Web: www.ilc.pt


Paralab
							 Travessa do Calvário
							 65 - Giesta
							 4420-392 Valbom
							 Portugal
							 Tel: +351 22 4664320
							 Fax: +351 22 4664321
							 Contact: Rui Soares
							 Email: rui.soares@paralab.pt
                             Web: www.paralab.pt



 &nbsp Italy
Biofotonica S.R.L.u.
							 Via Amedeo Bocchi 300
							 00125 Roma
							 Italy
							 Tel: +39 0681175637
							 Fax: +39 0689280737
							 Contact: Dr. Paolo Antonucci
							 Cell: +39 3920301676
							 Email: antonucci@biofotonica.it
							 Web: www.biofotonica.it





   &nbsp Benelux(Belgium, Luxembourg & Netherlands)
Anadis Instruments Benelux B.V.
							 Guadeloupestraat 30
                             1339ME, ALMERE
							 The Netherlands
							 Tel: +31 36 5214190
							 Fax: +31 36 5214428
							 Contact: Ed van Waardenberg
							 Cell: +31 6 30350310
							 Email: waardenberg@anadis.nl
							 Web: www.anadis.nl or www.anadis.eu





 &nbsp Germany
Soliton Laser- und Messtechnik GmbH
							 Talhofstraße 32
							 82205 Gilching
							 Germany
							 Tel: +49 (0) 8105-7792-0
							 Fax: +49 (0) 8105-7792-77
							 Contact: Dr. Wolf-Dieter Wagner
							 Email: w.wagner@soliton-gmbh.de
							 Web: www.soliton-gmbh.de



 &nbsp Poland
Javeline Technical Systems
							 Sp. z o.o.
							 ul.Sportowa 4B/4
							 05-840 Brwinow n/Warsaw
							 Poland
							 Tel: +48 22 4062527
							 Contact: Piotr Augustyniak
							 Email: info@javeline-ts.pl
							 Web: www.javeline-ts.pl





  &nbsp Switzerland & Austria
Portmann Instruments AG
							 Gewerbestrasse 18
							 CH-4105 Biel-Benken
							 Tel: +41 617 266 555
							 Fax: +41 617 266 550
							 Contact: Peter Stark
							 Cell: +49 151 16217825
							 Email: peter.stark@piag.net
							 Web: www.portmann-instruments.ch





  &nbsp UK & Ireland
Ash Scientific Ltd
							 Unit 23, Phase 2
							 Saxon Business Park
							 Hanbury Road
							 Stoke Prior
							 Bromsgrove
							 B60 4AD
							 UK
							 Tel: +44 (0) 1527 875 173
							 Contact: Harish Sinha
							 Cell: +44 (0) 78803 19004
							 Email: sales@ashscientific.com
							 Web: www.ashscientific.com





 &nbsp Romania
Total Spectrum SRL
							 Str. Heliade intre Vii, Nr.8
							 Sect.2, Bucuresti
							 Romania
							 Tel: +40 213 166 781
							 Fax: +40 314 052 882
							 Contact: Cecilia Merticaru
							 Cell: +40 727 870 162
							 Email: office@total-spectrum.ro
							 Web: en.total-spectrum.ro



 &nbsp Bulgaria
Astel BG
							 1612 Sofia, 15 Vorino str.
							 Bulgaria
							 Tel: +359 2 958 78 85
							 Fax: +359 2 958 78 90
							 Contact: Vladimir Atanasov
							 Email: office@astelbg.com
							 Web: www.astelbg.com





    &nbsp Serbia, Bosnia, Croatia & Montenegro
KRUG International Ltd.
							 Deset avijatičara 2a
							 11050 Belgrade
							 Serbia
							 Tel: +38 111 30 49 730
							 Fax: +38 111 30 49 748
							 Contact: Milos Bozinovic
							 Cell: +381 63 328 518
							 Email: milos.bozinovic@kruginter.com
							 Web: www.kruginter.com





  &nbsp Czech Republic & Slovakia
HILGER s.r.o.
                             Mistecka 258
							 72000 Ostrava-Hrabova
							 Tel: +420 596 718 912
							 Contact: Jiri Micenko, Pavel Hudák
							 Email: hilger@hilger.cz
							 Web: www.hilger.cz





  &nbsp Denmark, Sweden & Norway
Aralyz
							 Lyngborghave 56, 2.tv
							 DK-3460 Birkerød
							 Denmark
							 Tel: +45 916 25 113
							 Contact: Feisal Kroushawi
							 Email: info@arascientificaps.dk
							 Web: www.arascientificaps.dk





  &nbsp Ukraine & Kazakhstan
ExpoAgroTrade
                             Tarana Street, 83, of. 507/508/509
							 Kostanay, 110000
							 Kazakhstan
							 Tel: +7 (7142) 53 19 16
							 Fax: +7 (7142) 54 84 12
							 Contact: Aleksandra Chernyshova
							 Email: al.kostanay@list.ru
							 Web: www.agroproekt.kz





 &nbsp Russia
Nanointek LTD
							 Nametkina str., 14-2, office 605
							 117420, Moscow
							 Russia
							 Tel: +7 (495) 332-00-39 or+7 (985) 180-76-14
							 Fax: +7 (495) 332-06-20
							 Contact: Alexander Morozov
							 Email: info@nanointek.com
							 Web: www.nanointek.ru





Oceania RegionTop





 &nbsp Australia & New Zealand
Instruments & Data Tools
							 PO BOX 2114
							 Rowville VIC 3178, Australia
							 Tel: +61 430 708 661
							 E-mail: contact@idtools.com.au
							 Web: www.idtools.com.au





AfricaTop





 &nbsp Ivory Coast
OCSI-CI Sarl
							 Abidjan, Cocody Riviéra Golf
							 Tour Avocat Appt #177
							 30 POB 34 ABIDJAN 30
							 Côte d’Ivoire
							 Tel: +225 01053615
							 Fax: +225 22433494
							 Contact: Kouassi Adolphe KOUADIO
							 Email: kouadioadolphe@yahoo.fr
                             Web: www.ocsi-ci.com



 &nbsp South Africa
Measuring Instruments Technology (MIT)
                             CSIR Campus
							 BLG 33
							 Pretoria
							 South Africa
							 Tel: +27 12 349 5191
							 Fax: +27 12 349 5190
							 Contact: Margie Hengstberger
							 Cell: +27 82 784 2011
							 Email: margie@marmit.co.za
							 Web: www.marmit.co.za





 &nbsp Nigeria
Techmax Technologies Limited
							 Suite 6B, E-Barclays Building
							 No.36F.Okotie Eboh Crescent
							 Utako, FCT
							 Abuja
							 Nigeria
							 Tel: +234 8032857929
							 Contact: Segun Bamigbola
							 Cell: +234 8057200423
							 Email: techmaxtechnologies@yahoo.com
							 Web: www.techmaxtechnologies.com



 &nbsp Kenya
Guaranteed Panlab Solutions East Africa Ltd
							 10 Gitanga Hillcourt
							 Gitanga Road
							 PO BOX 25355----00603
							 Nairobi
							 Kenya
							 Tel: +254 202128706
							 Contact: Rodney E. Kwenge
							 Cell: +254 721516883
							 Email: kwenge@hotmail.com





 &nbsp Ghana
Process & Plant Sales [GH] Ltd
Head Office, Tema
							 Thokey House, Room 301
							 Community Four, Tema
							 Ghana
							 Tel: +233 (0303) 207709
							 Fax: +233 (0303) 207710
							 Contact: Kofi Kgyekye-koranteng
							 Email: kkoranteng@ppsghana.com.gh
							 Web: www.ppsghana.com





Maghreb & Middle EastTop




 &nbsp Morocco
Sigma Qual
							 2, Rue Jeddah
							 Etage N°1 Appt N°2 Mers Sultan
							 20000 Casablanca
							 Morocco
							 Tel: +212 (0)522208820
							 Fax: +212 (0)522264574
							 Contact: Mostafa TARHY
							 Email: sigmaqual.ma@yahoo.fr
							 Web: www.sigmaqual.com





 &nbsp Egypt
Ultra Tech Inc.
							 28 Tiba St.
							 Dokki, Cairo, 12311
							 Egypt
							 Tel: +202 3749 0284
							 Fax: +202 3760 9800
							 Contact: Makram M. Mohamed
							 Email: makram.mohamed@ultratechscientific.com
							 Web: www.ultratechscientific.com





 &nbsp Turkey
Mega Dis Ticaret.ve Elektronik San. Ltd
							 Cevizli Mah.Nedret Sk.Adakule
							 Residence Business Center
                             A Blok Nr.18-22, 17.kat D :89
							 34860 Maltepe, Istanbul
							 Turkey
							 Tel: +90 216 473 5538
							 Fax: +90 216 473 4143
							 Contact: Atalay Gençler
							 Email: agencler@intmega.com
							 Web: www.intmega.com



 &nbsp Israel
Berlin Technology
							 13 Gan Raveh Bvd
							 Yavneh Industrial zone
							 Yavneh, Israel 8122214
							 Tel: +972 8 6638101
							 Fax: +972 8 6638120
							 Contact: Dr. Gabi Levin
							 Email: mail@berlintech.co.il
							 Direct line: +972 (0) 8 6638106
							 Cell: +972 (0) 50 7733911
							 Email: gabi@berlintech.co.il
							 Web: www.berlintech.co.il





   &nbsp UAE, Oman & Saudi Arabia
Hillsborough Scientific & Technical Equipment Trading FZE
                             #207/208 Platinum business center, Al Nahda 2nd
							 P.O. Box 81715, Al Qusais, Dubai
							 United Arab Emirates
							 Tel: (+971) 4 280 7626
							 Fax: (+971) 4 2807628
							 Contact: Bala
							 Email: bala@hillsborough.ae
							 Web: www.hillsborough.ae





South AsiaTop





 &nbsp India
Apara Analyticals
							 No 3 Ramaiah Layout
							 Suddagundapalya
							 D R College Post
							 Bangalore 560 029
							 India
							 Tel: +91 8762001854
							 Contact: Padma Rajagopalan
							 Email: padma@aparaanalyticals.com
							 Web: www.aparaanalyticals.com





Southeast AsiaTop





 &nbsp Singapore
Gaia Science Pte Ltd
							 Blk 102E Pasir Panjang Road
							 #02-07 Singapore 118529
							 Tel: +65 6276 8884
							 Fax: +65 6270 8884
							 Contact: Weng Lijuan
							 Email: wenglijuan@gaiascience.com.sg
							 Web: www.gaiascience.com.sg



 &nbsp Malaysia
Gaia Science (M) Sdn Bhd
							 17-3, Jin Puteri 2/7
							 Bandar Puteri
							 47100 Puchong, Selangor
							 Malaysia
							 Tel: +60 380653889
							 Fax: +60 380653989
							 Contact: Weng Lijuan
							 Email: wenglijuan@gaiascience.com.sg
							 Web: www.gaiascience.com.my




 &nbsp Myanmar
Gaia Science Co Ltd
							 Yangon Office
							 No. 365/367, Bo Aung Kyaw Street
							 Kyauktada, Yangon, Myanmar
							 Tel: +95 1 392919
							 Fax: +95 1 374676
							 Contact: Weng Lijuan
							 Email: wenglijuan@gaiascience.com.sg
							 Web: www.gaiascience.com.mm

Gaia Science Co LtdMandalay Office
							 Room 3, S.Y. Building
							 30th Street (between 77 & 78 Street)
                             Mandalay, Myanmar
							 Tel: +95 2 91013423
							 Fax: +95 2 72985
							 Contact: Weng Lijuan
							 Email: wenglijuan@gaiascience.com.sg
							 Web: www.gaiascience.com.mm







East AsiaTop





 &nbsp China
Shanghai Celerex Technology Co. Ltd
                             Building A-1406
							 No.289 ZheQiao Road
							 China（Shanghai）Pilot Free Trade Zone
							 Pudong, ShanghaiP.R. of China
							 Zip Code: 201206
							 Tel: +86-21-68958700
							 E-mail: office@celerex.cn
							 Web: www.celerex.cn



 &nbsp Hong Kong
Volere Group(the Hongkong office)
							 Flat A 15/F, Hiller Comm Bldg
							 65-67 Bonham Strand East
							 Sheung Wan, Hong Kong
							 Intl Mobile: +1 410 499 7062
							 Contact: David P. Trudil
							 Cell: +86 158 10861607
							 Email: sales@voleregroup.com
							 Web: www.voleregroup.com





 &nbsp Japan
KYORISU CORPORATION
							 6th FL. Daitokyo Bldg. 24-10
							 KandaSudacho 1-chome
							 Chiyoda-ku, Tokyo 101-0041
							 Japan
							 Tel: +81 3 3526 5070
							 Fax: +81 3 3526 5080
							 Contact: Naoki Shima
							 Email: n-shima@kyoritsu-mac.co.jp
							 Web: www.kyoritsu-mac.co.jp



Quality Design Co., Ltd.
							 OX Yodoyabashi Bldg. 3F
							 4-4-9 Fushimi-machi
							 Chuo-ku, Osaka, 541-0044
							 Japan
							 Tel: +81 6 7878 6583
							 Fax: +81 6 7635 8263
							 Contact: Takaya Sato
							 Email: tsato@q-dsn.co.jp
							 Web: www.q-dsn.co.jp



 &nbsp Korea
Karam Trading Co.
							 # 503, Sungji B/D.
							 89-5, Yuljeon-Dong, Suwon City
							 Gyeonggi-Do, 440-320
							 Korea
							 Tel: +82 31 269 7820 or+82 31 269 7821
							 Fax: +82 31 269 7819
							 Contact: Ho-Young Lee
							 Email: karamtc@unitel.co.kr
							 Web: www.karamtc.co.kr





 &nbsp Taiwan
Unice E-O Services Inc.
                             3F, No. 25-2, Ji Lin Road
							 Chung li
							 Taiwan
							 Tel: +886 3 4626569 Ext. 801
							 Fax: +886 3 4625586
							 Email: andyw@email.unice.com.tw
							 Web: www.unice.com.tw



 


South AmericaTop



 &nbsp Argentina
TECXEDE S.R.L
					 Rivadavia 5259 P9° D 35
					 (1424) CABA
					 Argentina
					 Tel: +54 (11) 5263 0414 Ext. 101
					 Fax: +54 (11) 5263 0414 Ext. 110
					 Contact: Walter Atencio
					 Email: walter.atencio@tecxede.com
					 Web: www.tecxede.com



 &nbsp Brazil
dpUNION
					 Rua Mon. Basílio Pereira, 50
					 Cep: 04343-090
					 Jabaquara, São Paulo/SP
					 Brazil
					 Tel: +55 (11) 5079-8411
					 Fax: +55 (11) 5079-8411
                     Contact: Fellipy Ferreira
					 Cell: +55 (11) 97683-1801
					 Email: fferreira@dpunion.com.br
					 Web: www.dpunion.com.br



 &nbsp Colombia
Quimicontrol
					 Carrera 43A No. 22B-71
					 Bogota, Colombia
					 Tel: +57 (091) 269 3368
					 Contact: Hector Ramirez Guzman
					 Email: quimicontrol@gmail.com
					 Web: www.quimicontrol.com



EuropeTop



 &nbsp France
NIR-INDUSTRY
					 2 place de Touraine
					 78000 Versailles
					 France
                     Tel: +33 6 87935283
					 Contact: Thomas Ricour
					 Email: contact@nir-industry.com
					 Web: www.nir-industry.com



 &nbsp Spain
Soluciones Integrales de Laboratorio, S.L.
					 C/ Valencia, 978 
					 Urb. El Coto
					 19170 El Casar, Guadalajara
					 Spain
					 Tel: +34 949335460
					 Fax: +34 949334824
					 Contact: Sr. Juan Carlos Mohino
					 Email: tecnilab@tecnilab.es
                     Web: www.tecnilab.es



 &nbsp Portugal
ILC, Lda.
					 Rua Dr Alvaro de Castro 77
					 P-1600-058 Lisboa
					 Portugal
					 Tel: +351 217826030
					 Fax: +351 217826039
					 Contact: João Correia Barata
					 Email: jbarata@ilc.pt
                     Web: www.ilc.pt


Paralab
					 Travessa do Calvário
					 65 - Giesta
					 4420-392 Valbom
					 Portugal
					 Tel: +351 22 4664320
					 Fax: +351 22 4664321
					 Contact: Rui Soares
					 Email: rui.soares@paralab.pt
                     Web: www.paralab.pt



 &nbsp Italy
Biofotonica S.R.L.u.
					 Via Amedeo Bocchi 300
					 00125 Roma
					 Italy
					 Tel: +39 0681175637
					 Fax: +39 0689280737
					 Contact: Dr Paolo Antonucci
					 Cell: +39 3920301676
					 Email: antonucci@biofotonica.it
					 Web: www.biofotonica.it



  Benelux (Belgium, Luxembourg & Netherlands)
Anadis Instruments Benelux B.V.
					 Guadeloupestraat 30
                     1339ME, ALMERE
					 The Netherlands
					 Tel: +31 36 5214190
					 Fax: +31 36 5214428
					 Contact: Ed van Waardenberg
					 Cell: +31 6 30350310
					 Email: waardenberg@anadis.nl
					 Web: www.anadis.nl or www.anadis.eu



 &nbsp Germany
Soliton Laser- und Messtechnik GmbH
					 Talhofstraße 32
					 82205 Gilching
					 Germany
					 Tel: +49 (0) 8105-7792-0
					 Fax: +49 (0) 8105-7792-77
					 Contact: Dr. Wolf-Dieter Wagner
					 Email:w.wagner@soliton-gmbh.de
					 Web: www.soliton-gmbh.de



  Switzerland & Austria
Portmann Instruments AG
					 Gewerbestrasse 18
					 CH-4105 Biel-Benken
					 Tel: +41 617 266 555
					 Fax: +41 617 266 550
					 Contact: Peter Stark
					 Cell: +49 151 16217825
					 Email: peter.stark@piag.net
					 Web: www.portmann-instruments.ch



  UK & Ireland
Ash Scientific Ltd
					 Unit 23, Phase 2
					 Saxon Business Park
					 Hanbury Road
					 Stoke Prior
					 Bromsgrove
					 B60 4AD
					 UK
					 Tel: +44 (0) 1527 875 173
					 Contact: Harish Sinha
					 Cell: +44 (0) 78803 19004
					 Email: sales@ashscientific.com
					 Web: www.ashscientific.com



 &nbsp Poland
Javeline Technical Systems
					 Sp. z o.o.
					 ul.Sportowa 4B/4
					 05-840 Brwinow n/Warsaw
					 Poland
					 Tel: +48 22 4062527
					 Contact: Piotr Augustyniak
					 Email: info@javeline-ts.pl
					 Web: www.javeline-ts.pl



 &nbsp Romania
Total Spectrum SRL
					 Str. Heliade intre Vii, Nr.8
					 Sect.2, Bucuresti
					 Romania
					 Tel: +40 213 166 781
					 Fax: +40 314 052 882
					 Contact: Cecilia Merticaru
					 Cell: +40 727 870 162
					 Email: office@total-spectrum.ro
					 Web: en.total-spectrum.ro



   Serbia, Bosnia, Croatia & Montenegro


&nbsp Serbia
&nbsp Bosnia
&nbsp Croatia
&nbsp Montenegro


KRUG International Ltd.
					 Deset avijatičara 2a
					 11050 Belgrade
					 Serbia
					 Tel: +38 111 30 49 730
					 Fax: +38 111 30 49 748
					 Contact: Milos Bozinovic
					 Cell: +381 63 328 518
					 Email: milos.bozinovic@kruginter.com
					 Web: www.kruginter.com


 &nbsp Bulgaria
Astel BG
					 1612 Sofia, 15 Vorino str.
					 Bulgaria
					 Tel: +359 2 958 78 85
					 Fax: +359 2 958 78 90
					 Contact: Vladimir Atanasov
					 Email: office@astelbg.com
					 Web: www.astelbg.com



 &nbsp Russia
Nanointek LTD
					 Nametkina str., 14-2, office 605
					 117420, Moscow
					 Russia
					 Tel: +7 (495) 332-00-39 or+7 (985) 180-76-14
					 Fax: +7 (495) 332-06-20
					 Contact: Alexander Morozov
					 Email: info@nanointek.com
					 Web: www.nanointek.ru



  Denmark, Sweden & Norway
Aralyz
					 Lyngborghave 56, 2.tv
					 DK-3460 Birkerød
					 Denmark
					 Tel: +45 916 25 113
					 Contact: Feisal Kroushawi
					 Email: info@arascientificaps.dk
					 Web: www.arascientificaps.dk



 Ukraine & Kazakhstan
ExpoAgroTrade
                     Tarana Street, 83, of. 507/508/509
					 Kostanay, 110000
					 Kazakhstan
					 Tel: +7 (7142) 53 19 16
					 Fax: +7 (7142) 54 84 12
					 Contact: Aleksandra Chernyshova
					 Email: al.kostanay@list.ru
					 Web: www.agroproekt.kz



 Czech Republic & Slovakia
HILGER s.r.o.
					 Mistecka 258
					 72000 Ostrava-Hrabova
					 Tel: +420 596 718 912
					 Contact: Jiri Micenko, Pavel Hudák
					 Email: hilger@hilger.cz
					 Web: www.hilger.cz



Oceania RegionTop



  Australia & New Zealand
Instruments & Data Tools
					 PO BOX 2114
					 Rowville VIC 3178, Australia
					 Tel: +61 430 708 661
					 E-mail: contact@idtools.com.au
					 Web: www.idtools.com.au



AfricaTop



 &nbsp Ivory Coast
OCSI-CI Sarl
					 Abidjan, Cocody Riviéra Golf
					 Tour Avocat Appt #177
					 30 POB 34 ABIDJAN 30
					 Côte d’Ivoire
					 Tel: +225 01053615
					 Fax: +225 22433494
					 Contact: Kouassi Adolphe KOUADIO
					 Email: kouadioadolphe@yahoo.fr
					 Web: www.ocsi-ci.com



 &nbsp South Africa
Measuring Instruments Technology (MIT)
                     CSIR Campus
					 BLG 33
					 Pretoria
					 South Africa
					 Tel: +27 12 349 5191
					 Fax: +27 12 349 5190
					 Contact: Margie Hengstberger
					 Cell: +27 82 784 2011
					 Email: margie@marmit.co.za
					 Web: www.marmit.co.za



 &nbsp Nigeria
Techmax Technologies Limited
					 Suite 6B, E-Barclays Building
					 No.36F.Okotie Eboh Crescent
					 Utako, FCT
					 Abuja
					 Nigeria
					 Tel: +234 8032857929
					 Contact: Segun Bamigbola
					 Cell: +234 8057200423
					 Email: techmaxtechnologies@yahoo.com
					 Web: www.techmaxtechnologies.com



 &nbsp Kenya
Guaranteed Panlab Solutions East Africa Ltd
					 10 Gitanga Hillcourt
					 Gitanga Road
					 PO BOX 25355----00603
					 Nairobi
					 Kenya
					 Tel: +254 202128706
					 Contact: Rodney E. Kwenge
					 Cell: +254 721516883
					 Email: kwenge@hotmail.com



 &nbsp Ghana
Process & Plant Sales [GH] Ltd
Head Office, Tema
					 Thokey House, Room 301
					 Community Four, Tema
					 Ghana
					 Tel: +233 (0303) 207709
					 Fax: +233 (0303) 207710
					 Contact: Kofi Kgyekye-koranteng
					 Email: kkoranteng@ppsghana.com.gh
					 Web: www.ppsghana.com



Maghreb& Middle EastTop



 &nbsp Morocco
Sigma Qual
					 2, Rue Jeddah
					 Etage N°1 Appt N°2 Mers Sultan
					 20000 Casablanca
					 Morocco
					 Tel: +212 (0)522208820
					 Fax: +212 (0)522264574
					 Contact: Mostafa TARHY
					 Email: sigmaqual.ma@yahoo.fr
					 Web: www.sigmaqual.com



 &nbsp Egypt
Ultra Tech Inc.
					 28 Tiba St.
					 Dokki, Cairo, 12311
					 Egypt
					 Tel: +202 3749 0284
					 Fax: +202 3760 9800
					 Contact: Makram M. Mohamed
Email:
makram.mohamed@ultratechscientific.com

Email: makram.mohamed

					 Web: www.ultratechscientific.com



 &nbsp Turkey
Mega Dis Ticaret.ve Elektronik San. Ltd
					 Cevizli Mah.Nedret Sk.Adakule
					 Residence Business Center
                     A Blok Nr.18-22, 17.kat D :89
					 34860 Maltepe, Istanbul
					 Turkey
					 Tel: +90 216 473 5538
					 Fax: +90 216 473 4143
					 Contact: Atalay Gençler
					 Email: agencler@intmega.com
					 Web: www.intmega.com



 &nbsp Israel
Berlin Technology
					 13 Gan Raveh Bvd
					 Yavneh Industrial zone
					 Yavneh, Israel 8122214
					 Tel: +972 8 6638101
					 Fax: +972 8 6638120
					 Contact: Dr. Gabi Levin
					 Email: mail@berlintech.co.il
					 Direct line: +972 (0) 8 6638106
					 Cell: +972 (0) 50 7733911
					 Email: gabi@berlintech.co.il
					 Web: www.berlintech.co.il



  UAE, Oman & Saudi Arabia
Hillsborough Scientific & Technical Equipment Trading FZE
                     #207/208 Platinum business center, Al Nahda 2nd
					 P.O. Box 81715, Al Qusais, Dubai
					 United Arab Emirates
					 Tel: (+971) 4 280 7626
					 Fax: (+971) 4 2807628
					 Contact: Bala
					 Email: bala@hillsborough.ae
					 Web: www.hillsborough.ae



South AsiaTop



 &nbsp India
Apara Analyticals
					 No 3 Ramaiah Layout
					 Suddagundapalya
					 D R College Post
					 Bangalore 560 029
					 India
					 Tel: +91 8762001854
					 Contact: Padma Rajagopalan
					 Email: padma@aparaanalyticals.com
					 Web: www.aparaanalyticals.com



Southeast AsiaTop



 &nbsp Singapore
Gaia Science Pte Ltd
					 Blk 102E Pasir Panjang Road
					 #02-07 Singapore 118529
					 Tel: +65 6276 8884
					 Fax: +65 6270 8884
					 Contact: Weng Lijuan
					 E-mail: wenglijuan@gaiascience.com.sg
					 Web: www.gaiascience.com.sg



 &nbsp Malaysia
Gaia Science (M) Sdn Bhd
					 17-3, Jin Puteri 2/7
					 Bandar Puteri
					 47100 Puchong, Selangor
					 Malaysia
					 Tel: +60 380653889
					 Fax: +60 380653989
					 Contact: Weng Lijuan
					 E-mail: wenglijuan@gaiascience.com.sg
					 Web: www.gaiascience.com.my



 &nbsp Myanmar
Gaia Science Co Ltd
					 Yangon Office
					 No. 365/367
					 Bo Aung Kyaw Street
					 Kyauktada
					 Yangon, Myanmar
					 Tel: +95 1 392919
					 Fax: +95 1 374676
					 Contact: Weng Lijuan
					 Email: wenglijuan@gaiascience.com.sg
					 Web: www.gaiascience.com.mm

Gaia Science Co LtdMandalay Office
					 Room 3, S.Y. Building
					 30th Street (between 77 & 78 Street)
                     Mandalay, Myanmar
					 Tel: +95 2 91013423
					 Fax: +95 2 72985
					 Contact: Weng Lijuan
					 E-mail: wenglijuan@gaiascience.com.sg
					 Web: www.gaiascience.com.mm



East AsiaTop



 &nbsp China
Shanghai Celerex Technology Co. Ltd
					 Building A-1406
					 No.289 ZheQiao Road
					 China（Shanghai）Pilot Free Trade Zone
					 Pudong, ShanghaiP.R. of China
					 Zip Code: 201206
					 Tel: +86-21-68958700
					 E-mail: office@celerex.cn
					 Web: www.celerex.cn



 &nbsp Hong Kong
Volere Group(the Hongkong office)
					 Flat A 15/F, Hiller Comm Bldg
					 65-67 Bonham Strand East
					 Sheung Wan, Hong Kong
					 Intl Mobile: +1 410 499 7062
					 Contact: David P. Trudil
					 Cell: +86 158 10861607
					 Email: sales@voleregroup.com
					 Web: www.voleregroup.com



 &nbsp Japan
KYORISU CORPORATION
					 6th FL. Daitokyo Bldg. 24-10
					 KandaSudacho 1-chome
					 Chiyoda-ku, Tokyo 101-0041
					 Japan
					 Tel: +81 3 3526 5070
					 Fax: +81 3 3526 5080
					 Contact: Naoki Shima
					 Email: n-shima@kyoritsu-mac.co.jp
					 Web: www.kyoritsu-mac.co.jp


Quality Design Co., Ltd.
					 OX Yodoyabashi Bldg. 3F
					 4-4-9 Fushimi-machi
					 Chuo-ku, Osaka, 541-0044
					 Japan
					 Tel: +81 6 7878 6583
					 Fax: +81 6 7635 8263
					 Contact: Takaya Sato
					 Email: tsato@q-dsn.co.jp
					 Web: www.q-dsn.co.jp



 &nbsp Korea
Karam Trading Co.
					 # 503, Sungji B/D.
					 89-5, Yuljeon-Dong, Suwon City
					 Gyeonggi-Do, 440-320
					 Korea
					 Tel: +82 31 269 7820 or+82 31 269 7821
					 Fax: +82 31 269 7819
					 Contact: Ho-Young Lee
					 Email: karamtc@unitel.co.kr
					 Web: www.karamtc.co.kr



 &nbsp Taiwan
Unice E-O Services Inc.
                     3F, No. 25-2, Ji Lin Road
					 Chung li
					 Taiwan
					 Tel: +886 3 4626569 Ext. 801
					 Fax: +886 3 4625586
					 Email: andyw@email.unice.com.tw
					 Web: www.unice.com.tw

 




 
 

About Us


General Business Overview
Company History
Investor Relations
Career Opportunities
Representatives(AO Components / AOTF-NIR Spectrometers)
Our Customers
Trade Shows




Quick Links


CONTACTFORM


OURPRODUCTS


PRESSRELEASE


PRODUCTDEMOS


GLOBOLREP.


BRIMROSEBLOG





Featured Products


 


AO Components



Acousto-Optic Q-Switch



Acousto-Optic SPF Driver



3-Port Fiber Optical Switch System



AOTF Hyperspectral Imager



TLS 300 Tunable Light Source



Miniature NIR Analyzers



Standard NIR Analyzers



R&D Projects



AO Components


 



Product Forms
Please select a product form in the option box below to submit your questions, suggestions or comments regarding our products.
                 


-- Select a product form --
AO Modulators/Frequency Shifters
Free Space/Fiber-coupled AOTF
AO Q-Switches/Cavity Dumpers
AO Mode Lockers
AOTF Hyperspectral Imagers
Fiber-coupled AO Devices
AOTF Tunable Light Sources
NIR Analyzer Application Reports




 

 









AO BO INTERNATIONAL (HK) CO., LIMITED (CR No.: 1252526) | Hong Kong Business Directory























AO BO INTERNATIONAL (HK) CO., LIMITED


					Company Registration No.: 1252526									

										Ao Bo International (hk) Co., Limited was incorporated on 3 July 2008 (Thursday)					and as of 1 October 2015 (Thursday) is a Dissolved Private Company Limited By Shares.
					






 



								CR No.							

								1252526							



								Company Name							

AO BO INTERNATIONAL (HK) CO., LIMITED 



								Company Name (Chinese)							

								奧博國際(香港)有限公司							



								Company Type							

								Private Company Limited By Shares							



								Date of Incorporation							

								3 July 2008 (Thursday)							



								Active Status							

Dissolved 



								Remarks							

								Dissolved by Striking Off							



								Winding Up Mode							

								-							



								Date of Dissolution							

								19 September 2013 (Thursday)							



								Register of Charges							

								Unavailable							



								Important Note							

								-							



								Name History							

Effective From 3 July 2008, Thursday
AO BO INTERNATIONAL (HK) CO., LIMITED
奧博國際(香港)有限公司							









 








Hong Kong Company Search
















SIMILIAR NAME 147 other companies

AO TA DEVELOPMENT COMPANY LIMITED AO TE JIA (HOLDINGS) LIMITED Ao Xin Long (Hong Kong) Company Limited AO TAI LIMITED AO FREIGHT (HK) LIMITED AO CONTAINER LINES (HK) LIMITED AO MENG INDUSTRIES LIMITED Ao Jie Product Development Limited AO JIE PLASTIC TOYS FACTORY LIMITED AO JIE GROUP (HONG KONG) LIMITED AO YUAN (INTERNATIONAL) TRADING CO., LIMITED  


ALSO INCORPORATED ON 3 JULY 2008 483 other companies

LEADTRON TECHNOLOGY LIMITED FULLYGET INVESTMENTS LIMITED YIWU LATINRED IMPORT&EXPORT CO., LIMITED McKaye Limited ZHUNXING ELECTRONIC (HK) LIMITED HESION INDUSTRIAL CORPORATION LIMITED YUCHANGDA TRADING LIMITED FUJIAN JINJIANG KUQI SHOES INDUSTRY LIMITED HEYEE PRECISION TOOLS CO., LIMITED DRAGON SANTA INVESTMENT LIMITED CANTUN LIMITED  


ALSO DISSOLUTED ON 19 SEPTEMBER 2013 1081 other companies

Ten Hall Corporation Limited TAK LEE FATHER AND SONS LIMITED HONG KONG KAR WAH RUBBER FACTORY LIMITED KONG SUN INTERNATIONAL TRADING LIMITED TRANSACT LIMITED KIMWELL COMPANY LIMITED TA FU FLOORING COMPANY LIMITED CHOI SHING PALACE RESTAURANT LIMITED PROGRESSIVE ASTEL LIMITED GLORY TIMES INDUSTRIAL LIMITED STAR PAGING (COMMUNICATIONS EQUIPMENT) MANUFACTURING LIMITED  









Please enable JavaScript to view the comments powered by Disqus.

 






Reference Number: 1252519.
Hong Kong Business Directory - Information about AO BO INTERNATIONAL (HK) CO., LIMITED maybe populated and aggregated from various sources.
					All information publish on our website are for reference and information only. These information could have changed since our last update.
					Please contact us at hello@hkgbusiness.com, with your company official email account if you would like to update any information on this page.
					No cost is required on your part when you provided us with your information. Our goal is to help every businesses grow.
					

HKG Business is a no cost portal providing listing and information of businesses and companies operating in the Hong Kong Special Administrative Region of the People's Republic of China.
					Our data is constantly growing, everyday.
					We continously crawl the internet to populate information which we find maybe useful to you. These data are then aggregated and made available over this website at no cost, to the site visitors or business owners.
					Hong Kong Business Directory is hosted on DigitalOcean.
				


 Singapore Business Directory


 Hong Kong Business Directory


 United Kingdom Business Directory


 Australia Business Directory


 New Zealand Business Directory


 Malaysia Business Directory


 Norway Business Directory


 Canada Business Directory







Information generated in 0.018 seconds

 
 














Nitto Brasil | Nitto Bento Bantçılık San. ve Tic. A.Ş. (detail)






























Pular ao texto principal


habilite JavaScript en la configuración de su navegador para ver su contenido.









Contato
Perguntas Frequentes

Size:normallarge




Português
Español


Selecione Região






Brasil site



















Informações do produto


Produto por indústria
Seletor de Produto
Produto por função
Produto por Produto Grupo




Mercados


Equipamento automotivo e de transporte
Setor habitacional / Equipamentos residenciais
Indústrias de infraestrutura
Indústrias de materiais
Eletrodomésticos e indústrias elétricas
Displays
Dispositivos eletrônicos
Indústrias médicas
Indústrias de embalagens
Produtos de consumo




Sobre nós


Sobre Nitto Americas Latina
Perfil Corporativo
Conceitos de Gestão
Mensagem do Presidente
Sustentabilidade
Suprimentos
Nitto no mundo
Brand




Pesquisa e desenvolvimento


Estratégia e Política de P&D
Tecnologias principais
Sinergia da combinação de tecnologias
História do desenvolvimento




Investor Relations


Management Policies
Corporate Governance
Financial Data
IR Library
IR Calendar
Stock and Credit Rating
Shareholders' Meeting
Nitto IR Mailing List




Empregos








Brasil site









HOME
Sobre nós
Perfil Corporativo
Presença Global
EMEA
Nitto Bento Bantçılık San. ve Tic. A.Ş.



Print











Nitto Bento Bantçılık San. ve Tic. A.Ş. 

Company Detail
The company started in 1976 with the production of packaging tapes and masking tapes under the 'ASTEL' brand. In 1990 the company started with the production of baby diapers under the brand 'Canbebe', which is still today one of the top baby diaper brands in Turkey. The diaper business was divested to the Ontex Group in 2000. At that time the company moved into the new premises at Esenyurt in Istanbul. In 2012 a major expansion was made with the completion of a second warehouse and production building. In 2012 the company was acquired by Nitto. Today the company focuses on the production and commercialization of adhesive tapes for the industrial market and hygiene tapes & components for the Hygiene market under the product brands 'ASTEL', 'BENTO' and 'NITTO'.
Nitto Bento's product portfolio includes:

- Packaging tapes, masking tapes, double sided tapes and cellophane tapes

- Closure tapes, frontal tapes, elastic ears and hotmelt glue for baby and adult diapers producers

- Protective tapes for window profiles, external facade panels, aluminium and steel plates

- Wet wipes private label production
Nitto Bento's modern plant consist of 2 buildings covering an area of 32'000 m². The company’s system of quality control has been certified by Bureau Veritas (BVQI) and fully complies with hygiene, environmental, health and security quality requirements. Our dynamic enterprise will continue to strive to be one of the leading companies in our sector.
“QUALITY”, “CONSTANT INNOVATION” and “CUSTOMER FOCUS”, are the most important development policies of Nitto Bento.

Company Profile



Company Name
Nitto Bento Bantçılık San. ve Tic. A.Ş.


Established Date
19 February 1976



Managing Director
Mehmet Ferudun Eray


Address
Akçaburgaz Mah. 3097 Sokak No: 9 Esenyurt, İSTANBUL, TURKEY

MAP


TEL
+90-212-886-9040


FAX
+90-212-886-9048





Company History



1976
Foundation of Astel Kağıtçılık San. ve Tic. A.Ş.



1977
Start production of cellophane tapes, masking tapes and packaging tapes.



1990
Start of the baby diaper business (brand Canbebe).



2000
Exit of the baby diaper business. Business divested to the Ontex Group.



2000
Move of the company premises to the current address.



2000
Foundation of the new company Bento focusing on Industrial Tapes and Hygienic Components.


2002
Start of the production of mechanical frontal tapes for baby and adult diapers.


2003
Start of the production of closure tapes for baby and adult diapers.


2005
Start of the production of protective adhesive films for industrial applications.


2006
Start of the production of extruded film for protective adhesive film.


2010
Start of the production of elastic ears for baby diapers.


2011
Start of the production of hotmelt glue for the baby diapers.


2012
Acquisition by Nitto.


2012
Opening of the second building for warehousing and production expansion.


2013
Company name change to Nitto Bento Bantçilik.














Sobre nós


Sobre Nitto Americas Latina


Perfil Corporativo


Dados corporativos


Informações Financeiras


História


Corpo Diretivo


Organograma


Presença Global


JAPAN


AMERICAS


EMEA


Nitto Bento Bantçılık San. ve Tic. A.Ş.




EAST ASIA


SOUTHEAST ASIA & OCEANIA






Conceitos de Gestão


Mensagem do Presidente


Sustentabilidade


Suprimentos


Nitto no mundo


Brand















Produtos

Produto Por Indústria
Seletor de Produto
Produto Por Função
Produto Por Grupo de Produto


Mercados

Equipamento automotivo e de transporte
Setor habitacional / Equipamentos residenciais
Indústrias de infraestrutura
Indústrias de materiais
Eletrodomésticos e indústrias elétricas
Displays
Dispositivos eletrônicos
Indústrias médicas
Indústrias de embalagens
Produtos de consumo / Produtos de cuidados pessoais


Sobre nós

Perfil Corporativo
Conceitos de Gestão
Mensagem do Presidente
Sustentabilidade
Suprimentos
Nitto no mundo


Pesquisa e desenvolvimento

Estratégia e Política de P&D
Tecnologias principais
Sinergia da combinação de tecnologias
História do desenvolvimento


Relação com Investidores

Management Policies
Financial Data
IR Library
IR Calendar
Stock and Credit Rating
Shareholders' Meeting




Trabalhe conosco
Novidades
Comunicados de Imprensa
Contato
Perguntas Frequentes








Site Map
Política do site
Política de privacidade
Política básica de segurança da informação

©NITTO DENKO CORPORATION. 2013 All rights reserved.





Volta ao topo da página


 

 









Disco Mix 16: Rick Astley 80's Medley - YouTube 


 
  




















































 
 

 
略過導覽功能
  
 

 
TW登入搜尋

 





載入中…
    




  


 
            選擇語言。

    
關閉 


瞭解詳情
View this message in English

您目前的 YouTube 語言設為中文 (繁體)。
您可以在下方變更這項偏好設定。
    


Learn more

      You're viewing YouTube in Chinese (Taiwan).
        You can change this preference below.
    



 


關閉

 


 

 喜歡，我要保留
復原
關閉
 




              無法播放這部影片。

    







候播清單候播清單候播清單候播清單 
全部移除中斷連線







即將播放下一部影片停止 


載入中…
    

 



 

候播清單
    
候播清單

__count__/__total__
    









 













































    Disco Mix 16: Rick Astley 80's Medley
  



 










Roberto Salazar













載入中…
    







        要取消訂閱「Roberto Salazar」嗎？
      


取消
取消訂閱










        處理中...
    










訂閱已訂閱取消訂閱1,300 











載入中…
    









載入中…
    













        處理中...
    












 
新增至

稍後想再看一次嗎？

      要將這部影片加入播放清單，請先登入。
    
登入


分享

 更多
 


檢舉


要檢舉這部影片嗎？

      檢舉不當內容須先登入。
    
登入




新增翻譯

觀看次數：755,498







1,801

喜歡這部影片嗎？

      如果想表達意見，請先登入。
    
登入



1,802


63

不喜歡這部影片嗎？

      如果想表達意見，請先登入。
    
登入



64











載入中…
    










載入中…
    








載入中…
    





租看影片後，即可使用評分功能。




      目前無法使用這項功能，請稍後再試一次。
    




發佈日期：2008年8月6日Mix of 80's Rick Astley Hits. Original Mix Lasts for 14 Min, but it was edited to fit the 10 min YouTube limit!.Please, support these artists and buy their music where available. I provide the covers on video for further reference.Low Quality Audio is a way to promote the performers support and minimize any copyright problem that may happen. We all know how mad they come when don't see this as a way to promote they product, but as an threat instead. No problems today, May be future Videos Will come in better audio quality, Promise! 



      類別
    

音樂




      授權
    

標準 YouTube 授權




      音樂
    

「Together Forever」，演出者：Rick Astley (iTunes)




 顯示完整資訊
只顯示部分資訊






載入中…
    












廣告
      








自動播放


啟用自動播放後，系統就會自動播放下一部建議影片。 

 


        即將播放
      






    Rick Astley - Greatest Hits Megamix - Echenique Mix
  

     - 播放時間：10:58。
  
echeniquemix
觀看次數：101,091



10:58














    THE RICK ASTLEY VIDEO MEGAMIX
  

     - 播放時間：11:00。
  
水里秋鳴
觀看次數：200,943



11:00





    disco retro de los 80's - ronny mix dj los clasicos que no mueren
  

     - 播放時間：32:49。
  
ronnymix22
觀看次數：34,092,710



32:49





    RICK ASTLEY - Take me to your heart (Summer leaves DADY J Remix)
  

     - 播放時間：10:01。
  
Dady J - Dany Woods Limited
觀看次數：379,510



10:01





    Top Songs Bob Marley Best Of | Bob Marley Greatest Hits | Bob Marley Reggea Ever
  

     - 播放時間：1:42:55。
  
Best Music
觀看次數：554,999



1:42:55





    Rick Astley - Greatest Hits (2002) Full Álbum.
  

     - 播放時間：55:12。
  
Bodega de Reed@John
觀看次數：16,152



55:12





    Disco Mix 17: 80's Hits Medley
  

     - 播放時間：10:41。
  
Roberto Salazar
觀看次數：843,231



10:41





    KYLIE MINOGUE MEGAMIX 87-92
  

     - 播放時間：9:23。
  
irepicio
觀看次數：609,042



9:23





    MADONNA MEGAMIX medley 80's
  

     - 播放時間：10:36。
  
pibegroso
觀看次數：1,856,144



10:36





    Modern Talking - The Space Mix (The Ultimate Video Mix)
  

     - 播放時間：21:37。
  
moderntalkingalex
觀看次數：45,014,749



21:37





    Rick Astley - Rick's Hit-Mix (Megamix) (P.E. Jose @ DJ Mix)
  

     - 播放時間：5:54。
  
Jose Cambronero
觀看次數：140,051



5:54





    the 80´s mix
  

     - 播放時間：24:46。
  
SuperDJDirk
觀看次數：2,238,082



24:46





    Sandra Megamix 2011 By DJ Modern Max
  

     - 播放時間：14:48。
  
DJModernMax
觀看次數：6,873,031



14:48





    Debbie Gibson - 80's mix
  

     - 播放時間：14:21。
  
Nenaretro8090
觀看次數：99,397



14:21





    Rick Astley - Greatest Hits 80's Mix
  

     - 播放時間：17:45。
  
John Dillinger
觀看次數：9,545



17:45





    remember the 80s
  

     - 播放時間：9:27。
  
djshauny12
觀看次數：305,646



9:27





    Best Disco Songs 80's and 90's - Golden Hits of Disco 80s & 90s
  

     - 播放時間：2:18:21。
  
Music & Memory
觀看次數：184,286



2:18:21





    cher megamix
  

     - 播放時間：9:49。
  
angelecher93
觀看次數：329,295



9:49





    80's Disco mega non-stop Remix
  

     - 播放時間：43:21。
  
IRIS Gold
觀看次數：1,887,197



43:21





    Rick Astley Together Forever 2017 Mix -Rick Astley Dance Mix - Mayoral Music Selection
  

     - 播放時間：1:02:31。
  
Dj Alex myveg
觀看次數：25,908



1:02:31




正在載入更多建議...
    

顯示完整資訊









  

 
語言：
  
  中文



 
內容位置：
  
  台灣



 
嚴格篩選模式：
  
關閉



觀看紀錄 說明





載入中…
    






載入中…
    






載入中…
    


 關於
新聞中心
版權
創作者
廣告
開發人員
+YouTube
 條款
隱私權

政策與安全性
  
提供意見

測試新功能













載入中…
    














        處理中...
    









 
      如要將這部影片新增至「稍後觀看」播放清單，請登入帳戶

 

新增至
    





        正在載入播放清單...
    


 


 







Astel Script Typeface  by Leonard Posav | Font Bundles
  


 


    
    































































Astel Script Typeface 
Script Font










                                                                $12.00 















 By
                        
                            Leonard Posavec - LeoSupply.co                        



                            View All Products
                        





 Follow   This Designer  
 












































 
















Add to Cart





 Add to Favourites 



3 
                        Favourites

 




                        Want to buy this as a gift? 
                        Click here to look at our Gift Cards
                    



  
Premium License Included, with Unlimited Commercial Use Allowed.Read about our License.



This font is PUA-Encoded so you can be sure that any extra glyphs and symbols will be available for you.


  
Five Star Technical Support provided by FontBundles.net - Contact us and our team will help you 24/7.


  
Unlimited Downloads Your purchases are kept secure by us and can be downloaded an unlimited number of times.









Tweet





Astel Typeface is a hand painted script vintage font and Astell Long Hand is handdrawn long  font.


WHAT’S INCLUDED:

Astel Typeface (TTF)

Astell Long Hand (TTF)




Works with Cricut, Silhouette, PicMonkey, Photoshop, Illustrator and many more applications!

Lifetime Download Guarantee

Don't forget to check others :

Megeon Font : Megeon Font 

Dabre Font : Dabre Font 

Debeli 2 Typeface : Debeli 2 Typeface 

You can find more previews on my Instagram here : www.instagram.com/Leonardesign

Please report if you find any bugs or have some problems with this font. For any questions: 24/7 E-mail Support: Leodsen@gmail.com

 Adicionar ao Carrinho                        




Compartilhe este Produto com seus Amigos




Tweet

















 Product Descrição 



 (16)



 Comentários                                (0) 


 





                            Astel Typeface is a hand painted script vintage font and Astell Long Hand is handdrawn long  font.


WHAT’S INCLUDED:

Astel Typeface (TTF)

Astell Long Hand (TTF)




Works with Cricut, Silhouette, PicMonkey, Photoshop, Illustrator and many more applications!

Lifetime Download Guarantee

Don't forget to check others :

Megeon Font : Megeon Font 

Dabre Font : Dabre Font 

Debeli 2 Typeface : Debeli 2 Typeface 

You can find more previews on my Instagram here : www.instagram.com/Leonardesign

Please report if you find any bugs or have some problems with this font. For any questions: 24/7 E-mail Support: Leodsen@gmail.com                        





 Store Ratings 

 
 


                                        14                                    


 
 


                                        2                                    


 
 


                                        0                                    


 
 


                                        0                                    


 
 


                                        0                                    


 


Load More Ratings









 Informação do Produto 


                        Formato do Arquivo:
                        
                            .ttf                         

Licenses Available: 
                        - Premium License 
                            - Corporate License

Report for Copyright Infringement


How to use

Introducing Design School – our jam packed platform with its own mini search engine! Design School was made to help you learn all there is to know about fonts, graphics, templates, designs, file types, different software programs, Frequently Asked Questions and much much more.





Visualizar Texto




















            Mais Fontes de Leonard Posavec - LeoSupply.co







 Adicionar ao Carrinho
			 10

ITALIANO Brush Font +Extras 
$16.00By Leonard Posavec - LeoSupply.co






 Adicionar ao Carrinho
			 16

Fly and Walk Typeface 
$16.00By Leonard Posavec - LeoSupply.co






 Adicionar ao Carrinho
			 12

Sign '45 Typeface 
$16.00By Leonard Posavec - LeoSupply.co






 Adicionar ao Carrinho
			 6

Gas'Rock! Font 
$15.00By Leonard Posavec - LeoSupply.co






 Adicionar ao Carrinho
			 15

Acids! 
$15.00By Leonard Posavec - LeoSupply.co






 Adicionar ao Carrinho
			 20

Endless Script 
$10.00By Leonard Posavec - LeoSupply.co

  


Fontes Similares a Astel Script Typeface 






 Adicionar ao Carrinho
			

Roodo Dry Brush Font 
$12.00
					NEW
				By nantia






 Adicionar ao Carrinho
			

La Sonnambula 
$18.00
					NEW
				By deFharo pro fonts






 Adicionar ao Carrinho
			 1

Michael Marker 
$8.00$4.00
					-50%
				By Kristy Hatswell






 Adicionar ao Carrinho
			 1

Ringotube font 
$10.00$7.00
					-30%
				By Cove703






 Adicionar ao Carrinho
			

Zenyth Font 
$10.00
					NEW
				By EVA BARABASNE OLASZ






 Adicionar ao Carrinho
			 2

Baline Script 
$10.00$7.00
					-30%
				By Cove703

 







 Viewing Font 
 Astel Script Typeface  
 By Leonard Posavec - LeoSupply.co 
 Add to Cart 











 This Website Uses Cookies 
 By using our website you consent to all cookies in accordance with our  cookie policy. 


				Ok
			







































 







					Updating
				






Updating

Added to Cart










License: Premium
								Edit License
Users: 
Edit
Corporate License with unlimited users is available
Corporate License NOT available for this product





										Premium License
									



Font Bundles
PREMIUM



 Single User License
 Personal Use
 Commercial Use
 Unlimited Projects
									
Current Selected
View License



										Corporate License
									



Font Bundles
CORPORATE



 Unlimited User License
 Unlimited Commercial Use
 Unlimited Projects
 Platform Use (Custom Printing)

Select License ($)
View License








Number of Licenses (1 user per license):

1
2
3
4
5
6
7
8
9
10



Unlimited Users Included







Keep Shopping
Go to Checkout








